Method,Job,AnalyzeLaunchVariance,EvaluateOverhead,MaxAbsoluteError,MaxRelativeError,MinInvokeCount,MinIterationTime,OutlierMode,Affinity,EnvironmentVariables,Jit,LargeAddressAware,Platform,PowerPlanMode,Runtime,AllowVeryLargeObjects,Concurrent,CpuGroups,Force,HeapAffinitizeMask,HeapCount,NoAffinitize,RetainVm,Server,Arguments,BuildConfiguration,Clock,EngineFactory,NuGetReferences,Toolchain,IsMutator,InvocationCount,IterationCount,IterationTime,LaunchCount,MaxIterationCount,MaxWarmupIterationCount,MemoryRandomization,MinIterationCount,MinWarmupIterationCount,RunStrategy,UnrollFactor,WarmupCount,SimulatedLatencyMs,FileCount,SizeProfile,Mean,Error,StdDev,Gen0,Gen1,Gen2,Allocated
'End-to-end backup against in-memory blob store',Job-HTFTLO,False,Default,Default,Default,Default,Default,Default,11111111,Empty,RyuJit,Default,X64,8c5e7fda-e8bf-4a96-9a85-a6e23a8c635c,.NET 10.0,False,False,False,True,Default,Default,False,False,False,Default,Default,Default,Default,Default,Default,Default,1,3,Default,Default,Default,Default,Default,Default,Default,Throughput,1,1,0,100,large-skew,"9,744.8 ms","5,276.9 ms",289.24 ms,0.0000,0.0000,0.0000,2547.5 MB
'End-to-end backup against in-memory blob store',.NET 10.0,False,Default,Default,Default,Default,Default,Default,11111111,Empty,RyuJit,Default,X64,8c5e7fda-e8bf-4a96-9a85-a6e23a8c635c,.NET 10.0,False,False,False,True,Default,Default,False,False,False,Default,Default,Default,Default,Default,net10.0,Default,1,2,Default,Default,Default,Default,Default,Default,Default,Default,1,1,0,100,large-skew,"9,235.5 ms","123,513.9 ms",274.38 ms,0.0000,0.0000,0.0000,2546.73 MB
'End-to-end backup against in-memory blob store',Job-HTFTLO,False,Default,Default,Default,Default,Default,Default,11111111,Empty,RyuJit,Default,X64,8c5e7fda-e8bf-4a96-9a85-a6e23a8c635c,.NET 10.0,False,False,False,True,Default,Default,False,False,False,Default,Default,Default,Default,Default,Default,Default,1,3,Default,Default,Default,Default,Default,Default,Default,Throughput,1,1,0,100,mixed-realistic,"1,630.9 ms",167.1 ms,9.16 ms,1000.0000,1000.0000,1000.0000,344.86 MB
'End-to-end backup against in-memory blob store',.NET 10.0,False,Default,Default,Default,Default,Default,Default,11111111,Empty,RyuJit,Default,X64,8c5e7fda-e8bf-4a96-9a85-a6e23a8c635c,.NET 10.0,False,False,False,True,Default,Default,False,False,False,Default,Default,Default,Default,Default,net10.0,Default,1,2,Default,Default,Default,Default,Default,Default,Default,Default,1,1,0,100,mixed-realistic,"1,613.3 ms",566.1 ms,1.26 ms,1000.0000,1000.0000,1000.0000,338.9 MB
'End-to-end backup against in-memory blob store',Job-HTFTLO,False,Default,Default,Default,Default,Default,Default,11111111,Empty,RyuJit,Default,X64,8c5e7fda-e8bf-4a96-9a85-a6e23a8c635c,.NET 10.0,False,False,False,True,Default,Default,False,False,False,Default,Default,Default,Default,Default,Default,Default,1,3,Default,Default,Default,Default,Default,Default,Default,Throughput,1,1,0,100,uniform-1MB,265.5 ms,117.9 ms,6.46 ms,1000.0000,1000.0000,1000.0000,208.85 MB
'End-to-end backup against in-memory blob store',.NET 10.0,False,Default,Default,Default,Default,Default,Default,11111111,Empty,RyuJit,Default,X64,8c5e7fda-e8bf-4a96-9a85-a6e23a8c635c,.NET 10.0,False,False,False,True,Default,Default,False,False,False,Default,Default,Default,Default,Default,net10.0,Default,1,2,Default,Default,Default,Default,Default,Default,Default,Default,1,1,0,100,uniform-1MB,298.7 ms,"5,917.9 ms",13.15 ms,1000.0000,1000.0000,1000.0000,207.8 MB
'End-to-end backup against in-memory blob store',Job-HTFTLO,False,Default,Default,Default,Default,Default,Default,11111111,Empty,RyuJit,Default,X64,8c5e7fda-e8bf-4a96-9a85-a6e23a8c635c,.NET 10.0,False,False,False,True,Default,Default,False,False,False,Default,Default,Default,Default,Default,Default,Default,1,3,Default,Default,Default,Default,Default,Default,Default,Throughput,1,1,50,100,large-skew,"11,670.0 ms",643.3 ms,35.26 ms,2000.0000,0.0000,0.0000,2546.92 MB
'End-to-end backup against in-memory blob store',.NET 10.0,False,Default,Default,Default,Default,Default,Default,11111111,Empty,RyuJit,Default,X64,8c5e7fda-e8bf-4a96-9a85-a6e23a8c635c,.NET 10.0,False,False,False,True,Default,Default,False,False,False,Default,Default,Default,Default,Default,net10.0,Default,1,2,Default,Default,Default,Default,Default,Default,Default,Default,1,1,50,100,large-skew,"11,792.9 ms","167,113.3 ms",371.23 ms,2000.0000,1000.0000,0.0000,2674.93 MB
'End-to-end backup against in-memory blob store',Job-HTFTLO,False,Default,Default,Default,Default,Default,Default,11111111,Empty,RyuJit,Default,X64,8c5e7fda-e8bf-4a96-9a85-a6e23a8c635c,.NET 10.0,False,False,False,True,Default,Default,False,False,False,Default,Default,Default,Default,Default,Default,Default,1,3,Default,Default,Default,Default,Default,Default,Default,Throughput,1,1,50,100,mixed-realistic,"7,267.9 ms",112.0 ms,6.14 ms,2000.0000,1000.0000,1000.0000,338.84 MB
'End-to-end backup against in-memory blob store',.NET 10.0,False,Default,Default,Default,Default,Default,Default,11111111,Empty,RyuJit,Default,X64,8c5e7fda-e8bf-4a96-9a85-a6e23a8c635c,.NET 10.0,False,False,False,True,Default,Default,False,False,False,Default,Default,Default,Default,Default,net10.0,Default,1,2,Default,Default,Default,Default,Default,Default,Default,Default,1,1,50,100,mixed-realistic,"7,287.2 ms","13,709.7 ms",30.46 ms,3000.0000,1000.0000,1000.0000,338.9 MB
'End-to-end backup against in-memory blob store',Job-HTFTLO,False,Default,Default,Default,Default,Default,Default,11111111,Empty,RyuJit,Default,X64,8c5e7fda-e8bf-4a96-9a85-a6e23a8c635c,.NET 10.0,False,False,False,True,Default,Default,False,False,False,Default,Default,Default,Default,Default,Default,Default,1,3,Default,Default,Default,Default,Default,Default,Default,Throughput,1,1,50,100,uniform-1MB,"1,830.6 ms",652.5 ms,35.76 ms,2000.0000,1000.0000,1000.0000,206.93 MB
'End-to-end backup against in-memory blob store',.NET 10.0,False,Default,Default,Default,Default,Default,Default,11111111,Empty,RyuJit,Default,X64,8c5e7fda-e8bf-4a96-9a85-a6e23a8c635c,.NET 10.0,False,False,False,True,Default,Default,False,False,False,Default,Default,Default,Default,Default,net10.0,Default,1,2,Default,Default,Default,Default,Default,Default,Default,Default,1,1,50,100,uniform-1MB,"1,830.2 ms",602.2 ms,1.34 ms,2000.0000,1000.0000,1000.0000,207.19 MB
